Date,Strategy_ret,Cumulative_ret,Z-Score,Beta
2022-01-03,,,,
2022-01-04,,,,
2022-01-05,,,,
2022-01-06,,,,
2022-01-07,,,,
2022-01-10,,,,
2022-01-11,,,,
2022-01-12,,,,
2022-01-13,,,,
2022-01-14,,,,
2022-01-18,,,,
2022-01-19,,,,
2022-01-20,,,,
2022-01-21,,,,
2022-01-24,,,,
2022-01-25,,,,
2022-01-26,,,,
2022-01-27,,,,
2022-01-28,,,,
2022-01-31,,,,
2022-02-01,,,,
2022-02-02,,,,
2022-02-03,,,,
2022-02-04,,,,
2022-02-07,,,,
2022-02-08,,,,
2022-02-09,,,,
2022-02-10,,,,
2022-02-11,,,,
2022-02-14,,,,
2022-02-15,,,,
2022-02-16,,,,
2022-02-17,,,,
2022-02-18,,,,
2022-02-22,,,,
2022-02-23,,,,
2022-02-24,,,,
2022-02-25,,,,
2022-02-28,,,,
2022-03-01,,,,
2022-03-02,,,,
2022-03-03,,,,
2022-03-04,,,,
2022-03-07,,,,
2022-03-08,,,,
2022-03-09,,,,
2022-03-10,,,,
2022-03-11,,,,
2022-03-14,,,,
2022-03-15,,,,
2022-03-16,,,,
2022-03-17,,,,
2022-03-18,,,,
2022-03-21,,,,
2022-03-22,,,,
2022-03-23,,,,
2022-03-24,,,,
2022-03-25,,,,
2022-03-28,,,,
2022-03-29,,,,
2022-03-30,-0.0,1.0,,0.0210699843653379
2022-03-31,-0.0,1.0,,0.016674537991075856
2022-04-01,-0.0,1.0,,0.013935712027011979
2022-04-04,-0.0,1.0,,0.011067333362501361
2022-04-05,0.0,1.0,,0.008304023173080932
2022-04-06,0.0,1.0,,0.006720084230864717
2022-04-07,0.0,1.0,,0.008403488464545104
2022-04-08,0.0,1.0,,0.01281268796437212
2022-04-11,-0.0,1.0,,0.01597762833002831
2022-04-12,-0.0,1.0,,0.01794780200162263
2022-04-13,-0.0,1.0,,0.0199208386940231
2022-04-14,0.0,1.0,,0.022296227813653452
2022-04-18,-0.0,1.0,,0.024275480064681193
2022-04-19,-0.0,1.0,,0.02649146448203983
2022-04-20,-0.0,1.0,,0.026423531492813335
2022-04-21,-0.0,1.0,,0.02446018163730968
2022-04-22,-0.0,1.0,,0.024387501194596622
2022-04-25,0.0,1.0,,0.02541750599484732
2022-04-26,0.0,1.0,,0.02814058642729703
2022-04-27,0.0,1.0,,0.03200476747428874
2022-04-28,0.0,1.0,,0.03399202205856029
2022-04-29,-0.0,1.0,,0.03610951541288614
2022-05-02,-0.0,1.0,,0.038172601118443894
2022-05-03,0.0,1.0,,0.040271859364426094
2022-05-04,0.0,1.0,,0.04212875223094088
2022-05-05,-0.0,1.0,,0.04444432283167621
2022-05-06,0.0,1.0,,0.04590863831798213
2022-05-09,-0.0,1.0,,0.045946641292509485
2022-05-10,0.0,1.0,,0.04620795140393514
2022-05-11,0.0,1.0,,0.04658693100306882
2022-05-12,0.0,1.0,,0.04573037472928729
2022-05-13,-0.0,1.0,,0.04317859733763553
2022-05-16,0.0,1.0,,0.042045312655143226
2022-05-17,0.0,1.0,,0.03982336442488635
2022-05-18,-0.0,1.0,,0.03682217307027663
2022-05-19,0.0,1.0,,0.02946107371842454
2022-05-20,0.0,1.0,,0.0230507377811099
2022-05-23,0.0,1.0,,0.015933094503324842
2022-05-24,0.0,1.0,,0.01158544742110787
2022-05-25,0.0,1.0,,0.007971380625360291
2022-05-26,0.0,1.0,,0.004865363223667811
2022-05-27,-0.0,1.0,,0.002995796327810798
2022-05-31,-0.0,1.0,,0.001610480155028432
2022-06-01,-0.0,1.0,,0.0005437928884998097
2022-06-02,0.0,1.0,,-0.00017876770086161856
2022-06-03,0.0,1.0,,-0.0008103333337028517
2022-06-06,0.0,1.0,,-0.0014947646347577021
2022-06-07,0.0,1.0,,-0.002080889659892355
2022-06-08,-0.0,1.0,,-0.0028796693731224423
2022-06-09,-0.0,1.0,,-0.0034687829462002693
2022-06-10,-0.0,1.0,,-0.0035323745749811872
2022-06-13,-0.0,1.0,,-0.0030740121495808088
2022-06-14,0.0,1.0,,-0.002073030034927181
2022-06-15,0.0,1.0,,-0.0014271795650037007
2022-06-16,-0.0,1.0,,-0.0010135124448965738
2022-06-17,-0.0,1.0,,-0.00011785290792939301
2022-06-21,0.0,1.0,,0.0012332772196686995
2022-06-22,0.0,1.0,,0.001678726828163007
2022-06-23,0.0,1.0,,0.001838819854620451
2022-06-24,0.0,1.0,1.0079265694264854,0.0014953443474281566
2022-06-27,-0.0056266411943081416,0.9943733588056919,1.0310215770147604,0.000998412095580898
2022-06-28,0.02350281834125837,1.017743935221089,0.9227636950122131,0.0004765812815224332
2022-06-29,0.0,1.017743935221089,0.9363821591534973,0.00031062579684893767
2022-06-30,0.0,1.017743935221089,1.056947767129262,0.00014474956113837666
2022-07-01,0.0022887370969317507,1.0200732835208068,1.0345389003864647,6.644141964211314e-06
2022-07-05,0.01280764002277945,1.033138014932996,0.9722014599826325,-0.00015077137855937488
2022-07-06,0.0,1.033138014932996,1.0973145331077758,-0.0009351462522210856
2022-07-07,-0.012717672534569043,1.0199989039760635,1.2539199362967812,-0.003483470873552239
2022-07-08,0.004597148779760558,1.0246879906928341,1.3286123858768268,-0.0062132115518982855
2022-07-11,0.0053082471593650146,1.030127287808665,1.3446799482310376,-0.00801127960708145
2022-07-12,0.016230022323763544,1.0468462766861175,1.292427470913232,-0.00951489683441894
2022-07-13,0.004764925265091216,1.051834420958566,1.3224314810016835,-0.011610424978959977
2022-07-14,0.007159727111952993,1.0593652683795884,1.3749523440447458,-0.014069850617789714
2022-07-15,-0.007338449018175715,1.0515911703659588,1.4312521278080081,-0.015505700533294696
2022-07-18,0.019524790744039663,1.072123267915634,1.3085057846768808,-0.015829019727817504
2022-07-19,-0.01234170751389744,1.0588914361241755,1.3415337098999984,-0.016426983521309828
2022-07-20,0.010586415931037655,1.0701013012927998,1.2288485165843692,-0.015756723312673592
2022-07-21,-0.006040546729967642,1.0636373043765415,1.1249041610027886,-0.013701704963784003
2022-07-22,-0.0021578442303586774,1.0613421407560983,1.0175769142085391,-0.011945337287482698
2022-07-25,-0.010529609332622812,1.050166622645687,0.9385145090429802,-0.010025243787367955
2022-07-26,0.0,1.050166622645687,0.8568255666651703,-0.008278691704723132
2022-07-27,-0.0,1.050166622645687,0.7659099230371043,-0.007344173974522077
2022-07-28,-0.0,1.050166622645687,0.5665586361357714,-0.004971958808209959
2022-07-29,-0.0,1.050166622645687,0.40200465266319146,-0.0025407757698289596
2022-08-01,0.0,1.050166622645687,0.3078044711108368,-0.0011057503374430969
2022-08-02,-0.0,1.050166622645687,0.0979980392605523,0.0005714655822863998
2022-08-03,0.0,1.050166622645687,0.04462566512845683,0.0010910936031421
2022-08-04,0.0,1.050166622645687,0.018255303801182142,0.0008137610959987537
2022-08-05,-0.0,1.050166622645687,-0.07434611321230407,0.0004950008951506088
2022-08-08,0.0,1.050166622645687,-0.04074982936808034,-0.00027686282002654244
2022-08-09,0.0,1.050166622645687,-0.0026698069911215757,-0.0011531241740232248
2022-08-10,0.0,1.050166622645687,0.01898446867440796,-0.001809728701960573
2022-08-11,-0.0,1.050166622645687,-0.28496475874702204,-0.002201362789996171
2022-08-12,0.0,1.050166622645687,0.09467090470576296,-0.003421330665614876
2022-08-15,-0.0,1.050166622645687,0.0055814673071566834,-0.0037323832128993463
2022-08-16,0.0,1.050166622645687,0.1771869783082511,-0.005071972141983589
2022-08-17,-0.0,1.050166622645687,0.19557051390260383,-0.00634956183151127
2022-08-18,-0.0,1.050166622645687,0.017996403326618515,-0.006533981100105241
2022-08-19,0.0,1.050166622645687,0.19419696689871713,-0.006866589166315495
2022-08-22,-0.0,1.050166622645687,-0.016839656715872023,-0.00624247180241265
2022-08-23,-0.0,1.050166622645687,-0.436616927193817,-0.005295498346180136
2022-08-24,-0.0,1.050166622645687,-0.628424255216533,-0.005069051669814664
2022-08-25,0.0,1.050166622645687,-0.45508966092071257,-0.005215665931513777
2022-08-26,-0.0,1.050166622645687,-0.7411476140981222,-0.005441862208322823
2022-08-29,-0.0,1.050166622645687,-0.8617295988524433,-0.005605846644748242
2022-08-30,-0.0,1.050166622645687,-0.8594351267142648,-0.006205229853669048
2022-08-31,-0.0,1.050166622645687,-1.0423686988357748,-0.005958942878664898
2022-09-01,0.031026308555721676,1.0827494163148121,-0.7119591807700741,-0.005407362999266547
2022-09-02,-0.0,1.0827494163148121,-1.1133255448801256,-0.004344710148074133
2022-09-06,0.0013117361863559508,1.084169697904948,-1.286159964436418,-0.0028583280275558207
2022-09-07,0.008132814402554471,1.0929870488388826,-1.2373231254468626,-0.0022687835186962655
2022-09-08,0.020590954959012385,1.115492695932308,-0.8484040137373988,-0.0031493973173845925
2022-09-09,0.0,1.115492695932308,-0.22597346618158706,-0.005865173923169341
2022-09-12,-0.0,1.115492695932308,0.21484677990705786,-0.00883301333183045
2022-09-13,-0.0,1.115492695932308,0.09896911835405206,-0.011480775346385325
2022-09-14,-0.0,1.115492695932308,0.6232481867474251,-0.01518610284480829
2022-09-15,-0.0,1.115492695932308,1.4944775644844257,-0.02163166918182114
2022-09-16,-0.00199006006510004,1.1132727984652222,1.864686965892723,-0.024359958920419752
2022-09-19,0.012689673723848743,1.1273998670433818,1.9619769312033761,-0.026566067264399928
2022-09-20,0.01510870833047543,1.144433422806357,1.5987112741190554,-0.026160717531321605
2022-09-21,0.019269918491434668,1.1664865615827091,0.7046072184491737,-0.021990720119640098
2022-09-22,0.0,1.1664865615827091,-0.12183529612121266,-0.015326061625310004
2022-09-23,-0.0,1.1664865615827091,-1.1577237996553884,-0.009269407548736206
2022-09-26,-0.0057277458875975105,1.159805222976666,-2.552071842655535,0.0018858653777005033
2022-09-27,0.005985295360084716,1.1667469997963502,-3.446458132549041,0.012809201881986906
2022-09-28,0.007242918649947706,1.1751976534009456,-3.8683417064030605,0.022442185285374124
2022-09-29,-0.005511705348265757,1.1687203102094263,-3.8923206086855573,0.029655339078993766
2022-09-30,-0.008529144999511303,1.1587521252197763,-3.8991545943480452,0.037745229276529436
2022-10-03,0.008154418376259843,1.1682010748431986,-3.8147863564603974,0.04576722931066761
2022-10-04,0.006352174709350651,1.175621692166254,-3.619255444887603,0.05104979022481463
2022-10-05,-0.006977805097156596,1.1674184331303283,-3.4337336428263705,0.05603270453957754
2022-10-06,-0.023625129003862207,1.1398380220461377,-3.397035238873714,0.0619367423244047
2022-10-07,-0.01584404890524386,1.1217783726807824,-3.2607621539356018,0.06815315743193869
2022-10-10,-0.013190780915409246,1.1069812399311059,-3.069732271350905,0.07070257006159325
2022-10-11,0.003186634925777388,1.1105087850124506,-2.8753567022661,0.07228563943015066
2022-10-12,0.0035095198122906245,1.1144061375951746,-2.677759412342489,0.07411114063158636
2022-10-13,0.02234460946806209,1.1393071075285504,-2.470474494023543,0.07490920617176453
2022-10-14,-0.0006673551105502587,1.138546785107855,-2.2538544467654438,0.07453854517178302
2022-10-17,0.016907179761880643,1.1577964002709848,-2.081824990357051,0.07281939742725552
2022-10-18,0.008681915253411335,1.1678482904988423,-1.950609039809795,0.0713221543687016
2022-10-19,-0.021954851827117476,1.142208354324388,-1.8666701519116333,0.07007234387312047
2022-10-20,-0.003622773392407696,1.1380703922897557,-1.7728332596876073,0.07036790530725888
2022-10-21,0.04551079099659207,1.1898648760526644,-1.6274831055463965,0.06957405980294978
2022-10-24,0.010453330268154978,1.2023029265765202,-1.5615603861257954,0.06801281302876769
2022-10-25,0.0008160282638721931,1.203284039746343,-1.478769843411169,0.06700124336090424
2022-10-26,0.010257770472231049,1.21562705123896,-1.37493107880061,0.0659494040715085
2022-10-27,-0.006684548875745007,1.2075011328002754,-1.3147864030865657,0.06521759030670185
2022-10-28,0.03508844124798978,1.249870465355419,-1.2181475213102417,0.06443576934119312
2022-10-31,-0.01738551649807837,1.2281408217595213,-1.167587870676839,0.06369809057980087
2022-11-01,0.03155766225783064,1.2668980750176628,-1.0395517647908157,0.06303772607707103
2022-11-02,-0.01753850970550704,1.2446785708330774,-0.9706292390419253,0.062025505000806544
2022-11-03,-0.0,1.2446785708330774,-0.9023417785408637,0.060014982482058235
2022-11-04,0.0,1.2446785708330774,-0.7956326536120106,0.05811394961978325
2022-11-07,-0.0,1.2446785708330774,-0.7491620456304942,0.05684427755490527
2022-11-08,0.0,1.2446785708330774,-0.6702854326445903,0.05476988619512536
2022-11-09,-0.0,1.2446785708330774,-0.6256459374754426,0.05314184684200297
2022-11-10,0.0,1.2446785708330774,-0.5893338514717105,0.05145713000194823
2022-11-11,0.0,1.2446785708330774,-0.5564220577833785,0.05127115503398656
2022-11-14,0.0,1.2446785708330774,-0.47082414772846387,0.052502840231487255
2022-11-15,-0.0,1.2446785708330774,-0.5430927540467084,0.05299493571353875
2022-11-16,-0.0,1.2446785708330774,-0.5557613817265808,0.0535880622207123
2022-11-17,0.0,1.2446785708330774,-0.5427443248207416,0.05472193877084569
2022-11-18,-0.0,1.2446785708330774,-0.5986018748676036,0.057030538082257526
2022-11-21,-0.0,1.2446785708330774,-0.658326058769778,0.0598386939676539
2022-11-22,0.0,1.2446785708330774,-0.6803300215033821,0.06197367544680011
2022-11-23,-0.0,1.2446785708330774,-0.7765410432372225,0.06529669912136704
2022-11-25,0.0,1.2446785708330774,-0.7989546680498454,0.06763323958169157
2022-11-28,0.0,1.2446785708330774,-0.8293463243070403,0.07048565994345778
2022-11-29,-0.0,1.2446785708330774,-0.8890541825549099,0.07346707535039823
2022-11-30,0.0,1.2446785708330774,-0.9468614620801508,0.07590280822521452
2022-12-01,0.0,1.2446785708330774,-0.7751919355860435,0.0781915807485542
2022-12-02,-0.0,1.2446785708330774,-0.8115465617905119,0.08148420868217418
2022-12-05,-0.0,1.2446785708330774,-0.8085228175234909,0.08290892797217822
2022-12-06,-0.0,1.2446785708330774,-0.8384172064896186,0.08410168238644741
2022-12-07,0.0,1.2446785708330774,-0.8268806769535213,0.08536392799072745
2022-12-08,0.0,1.2446785708330774,-0.661319805195782,0.0838768160157184
2022-12-09,-0.0,1.2446785708330774,-0.5790503030127416,0.08165419617778019
2022-12-12,0.0,1.2446785708330774,-0.4896452804053842,0.07978584992926059
2022-12-13,0.0,1.2446785708330774,-0.37540547916354805,0.07906865186807815
2022-12-14,0.0,1.2446785708330774,-0.18957135700802918,0.07891947261518634
2022-12-15,-0.0,1.2446785708330774,0.04016140853589398,0.07674793743757526
2022-12-16,-0.0,1.2446785708330774,0.3699046146166759,0.06820462870726712
2022-12-19,-0.0,1.2446785708330774,0.948391722729959,0.06130982317659109
2022-12-20,-0.0,1.2446785708330774,1.6727212206128617,0.05342302230732958
2022-12-21,-0.006197444987764689,1.23696474386289,2.3782644127055135,0.04618947319775858
2022-12-22,9.650368027730731e-05,1.237084115513046,2.8842679817928434,0.04008175899700878
2022-12-23,-0.0033818080336090457,1.232900534512954,3.158579544659415,0.03462892016823568
2022-12-27,0.0132419347428073,1.2492265229353468,3.194084638908077,0.029398076005867614
2022-12-28,0.0061697788079386195,1.2569339742628682,3.214014414701077,0.023681200260268057
2022-12-29,-0.010288129383388963,1.2440024749092746,3.2114544492392487,0.01856590377269019
2022-12-30,0.0017524573680870112,1.2461825362123478,3.077752334291554,0.014704401927709915
2023-01-03,-0.00046583423653865974,1.2456020217220034,2.977044343735138,0.01069987465169895
2023-01-04,0.022093661803124203,1.2731219315312172,2.794074601306481,0.0068017566907960375
2023-01-05,0.009344832732793051,1.2850190430298267,2.7223901523725034,0.0022079625434268044
2023-01-06,-0.02555922105667247,1.2521749572469936,2.7842238754056585,-0.002571376359326291
2023-01-09,0.04973337805917505,1.3144498477919897,2.520989101036768,-0.005564749546572468
2023-01-10,0.015861069578575072,1.3352984282853657,2.437654326073402,-0.009247608564351589
2023-01-11,0.0034959997781747786,1.3399666312944485,2.377079160072625,-0.012225872901362681
2023-01-12,-0.005410054351734842,1.3327173389896345,2.4234448838386973,-0.01784168246580896
2023-01-13,-0.0030604315390088247,1.3286386488128068,2.3961894428698747,-0.021538815305792137
2023-01-17,0.03691604098473887,1.3776867276262885,2.2250521567020547,-0.02381450126848374
2023-01-18,0.02384025946155667,1.4105311366696422,2.1212934049855483,-0.02685753199491874
2023-01-19,0.0015251571032429516,1.4126824182520792,2.0922189596445264,-0.030572825069468474
2023-01-20,-0.004007013485487628,1.4070217807514318,1.9863323871248457,-0.029654406708352676
2023-01-23,0.002152887102283141,1.410050939795843,1.8600408967100592,-0.02800108971911089
2023-01-24,0.006030620069993361,1.4185544212930887,1.7493863464485753,-0.027518820634256015
2023-01-25,-0.007984308577106613,1.4072282450600657,1.6787946209146858,-0.02707775550141477
2023-01-26,0.008778593706216184,1.4195817300753597,1.5878068768907396,-0.02658733776076022
2023-01-27,0.01012742214747308,1.4339584335286728,1.515217400384542,-0.02676862092846829
2023-01-30,0.00548128332936024,1.4418183659853692,1.4668246761816772,-0.02757298967538099
2023-01-31,-0.01445881198536233,1.4209713853145443,1.4862243524120542,-0.028935983738002637
2023-02-01,0.0038876833096549877,1.426495672052729,1.4925703868563223,-0.03131627635105923
2023-02-02,-0.008836866446597206,1.4138899203121502,1.5310663628560937,-0.03399719711363415
2023-02-03,0.006916121304268285,1.4236685545119114,1.5070591250910448,-0.03647781689225065
2023-02-06,0.006749763329242879,1.433277980314152,1.488370468978837,-0.03853874095318685
2023-02-07,0.0038109653368468416,1.4387401530151949,1.4752256457178772,-0.040553509170491206
2023-02-08,-0.007894516378339985,1.427381995313041,1.4631389919281332,-0.04273668120461921
2023-02-09,0.014827712310296627,1.44854680489644,1.3967903825523789,-0.04366182547901154
2023-02-10,-0.0124025065985576,1.4305811935903925,1.3908337481273132,-0.0447138034963666
2023-02-13,-0.0031038730834584,1.4261408511299054,1.3915084821373385,-0.04619462051284935
2023-02-14,0.006450552155941658,1.435340247071838,1.3871235786576457,-0.04903325222319272
2023-02-15,0.008326779481780408,1.4472920087905294,1.3905413504100081,-0.05134436782690733
2023-02-16,0.00930604529246886,1.4607605737757625,1.378917188424741,-0.0544659573916052
2023-02-17,-0.006439822655134254,1.4513535347390345,1.4179764820959215,-0.05761020854689215
2023-02-21,0.012493156319153067,1.4694855213228846,1.4084348366230806,-0.0610409946360768
2023-02-22,0.008073965819585626,1.4813500971944216,1.4616126456980034,-0.06688118316659658
2023-02-23,0.002516427563089963,1.4850778074095876,1.5378271947010855,-0.07356698538047246
2023-02-24,0.013749161140989381,1.5054963814905693,1.610834480836691,-0.08129173848835289
2023-02-27,0.023523053347238185,1.540910253186446,1.6849323027123286,-0.0895653499614378
2023-02-28,0.005725532073696739,1.549732784263753,1.7917814610103764,-0.09844097496014581
2023-03-01,0.010927637530703785,1.5666677023996354,2.02586459793102,-0.1155165671651142
2023-03-02,-0.012678614323354227,1.5468045268280548,2.0419298438888505,-0.11781546773824735
2023-03-03,-0.01047698753457794,1.5305986750820486,1.9729386880852,-0.11971059599215697
2023-03-06,-0.0009629502129439179,1.5291247847619467,1.9031399345548268,-0.11760779040979226
2023-03-07,0.01822968358821241,1.5570002457550502,1.812861726163431,-0.11681807488723066
2023-03-08,0.005239995589524887,1.5651589201756957,1.7501455651706732,-0.11644075012061725
2023-03-09,0.018005302465238196,1.5933400799396247,1.637271957301786,-0.11589176161750944
2023-03-10,0.003762117646317469,1.5993344127709503,1.5130467085349157,-0.11376312606122477
2023-03-13,-0.012132711142432443,1.5799301503206487,1.4247817771819955,-0.10986813752324899
2023-03-14,-0.0032550110152841467,1.5747874602779754,1.3886048403504456,-0.1071316460772732
2023-03-15,-0.010346360503545739,1.5584941414974762,1.3718084287468988,-0.10599618738238659
2023-03-16,-0.0025680450149711954,1.5544918583865417,1.250571505446109,-0.10127914949379915
2023-03-17,0.00673042545094214,1.5649542499535087,1.1408756992708147,-0.09821128984958732
2023-03-20,-0.018140804813853786,1.536564720362491,1.071296522644623,-0.0945940715054586
2023-03-21,0.003386371472745317,1.5417680992975535,0.9474891900335453,-0.09067548697718246
2023-03-22,-0.0,1.5417680992975535,0.757846730458409,-0.08617251105430727
2023-03-23,0.0,1.5417680992975535,0.5814197222567089,-0.08017092636993682
2023-03-24,0.0,1.5417680992975535,0.413714826490603,-0.07352099389578359
2023-03-27,-0.0,1.5417680992975535,0.1923066593928495,-0.06741189416755874
2023-03-28,-0.0,1.5417680992975535,-0.10113264505437919,-0.059701514445280116
2023-03-29,0.0,1.5417680992975535,-0.4498523770111528,-0.04821520791688484
2023-03-30,0.0,1.5417680992975535,-0.869922800519547,-0.03524054092020829
2023-03-31,0.0,1.5417680992975535,-1.4100885123801168,-0.017503029516523737
2023-04-03,0.013480446336558488,1.562551821423552,-1.8974983815375654,-0.0004008840896216545
2023-04-04,-0.010919698767844266,1.5454892262244606,-2.615677126318854,0.02624597925840018
2023-04-05,0.01593295366439675,1.5701134344547194,-2.642247680989286,0.03368146492624312
2023-04-06,-0.0002546255503252981,1.5697136434573982,-2.683392029136624,0.04229593579388699
2023-04-10,0.004740981081098082,1.5771556261437714,-2.692475876840795,0.04960401846588863
2023-04-11,0.0009030596427216751,1.5785798917400333,-2.6389053824429807,0.05479711896480949
2023-04-12,-0.008903304090882346,1.5645253149321197,-2.5968381350504215,0.061507874117619946
2023-04-13,0.0012406636973745977,1.5664663646939794,-2.561824992615403,0.06742343172883508
2023-04-14,-0.005819637376573255,1.5573500984888615,-2.4481992462081297,0.07043671202335888
2023-04-17,-0.0006563036311186978,1.5563280039643002,-2.420325334050388,0.07696066377672252
2023-04-18,-0.015847869784999257,1.531663520414726,-2.5413215866160233,0.09164818034144304
2023-04-19,-0.007470876860274989,1.5202206508623322,-2.5026662581865082,0.09938445023897734
2023-04-20,-0.011619933571956127,1.5025557878845959,-2.3946991031155553,0.10014308080838019
2023-04-21,0.008885692427631387,1.5159070364710958,-2.204390029365754,0.09729967059390962
2023-04-24,-0.008419795176005215,1.5031434097181442,-2.086304944958554,0.09576093026160692
2023-04-25,-0.01310121060620288,1.483450411336101,-1.8796540428736193,0.08871615816186637
2023-04-26,-0.016366180793369742,1.4591719937061756,-1.7408016648321596,0.08468187784854057
2023-04-27,0.0017301100938286818,1.4616965219011189,-1.667995414776204,0.08362934343937911
2023-04-28,0.0035659824788246645,1.466908906087577,-1.538189067892003,0.07863053773521801
2023-05-01,0.009625820229961442,1.4810291075113056,-1.384167968742934,0.07302758981129528
2023-05-02,-0.003997634761553075,1.4751084940682464,-1.3001099136090672,0.06961729389910962
2023-05-03,-0.014994395285173882,1.4529901342196696,-1.2044921054748956,0.06484680989726126
2023-05-04,-0.005885804638000574,1.4444381181487105,-1.1355044377195367,0.061738465889975946
2023-05-05,0.005773729704948975,1.4527779134184262,-1.0586816933110361,0.05776797423842511
2023-05-08,0.0046763692469644624,1.4595716393754052,-0.914569777135346,0.049002543573163
2023-05-09,-0.0,1.4595716393754052,-0.8143430967065893,0.04255637353671003
2023-05-10,-0.0,1.4595716393754052,-0.6933808523714915,0.03447695574482042
2023-05-11,-0.0,1.4595716393754052,-0.538990613814819,0.023040122142406486
2023-05-12,-0.0,1.4595716393754052,-0.3863784103688288,0.011792201995690393
2023-05-15,-0.0,1.4595716393754052,-0.16139593429968638,-0.005178925382394867
2023-05-16,-0.0,1.4595716393754052,-0.005529730077497383,-0.0169660436928704
2023-05-17,-0.0,1.4595716393754052,0.16073061450454024,-0.02986348263885434
2023-05-18,-0.0,1.4595716393754052,0.2662556531863565,-0.03768243548721188
2023-05-19,0.0,1.4595716393754052,0.36677664010693045,-0.0443366899591391
2023-05-22,0.0,1.4595716393754052,0.4555430155306781,-0.04717602471270476
2023-05-23,0.0,1.4595716393754052,0.46210370230123793,-0.04566721077693494
2023-05-24,-0.0,1.4595716393754052,0.4391285023298496,-0.044698314542338816
2023-05-25,-0.0,1.4595716393754052,0.40825347263893336,-0.04175211889908036
2023-05-26,-0.0,1.4595716393754052,0.43191879162766095,-0.040382131499830394
2023-05-30,-0.0,1.4595716393754052,0.47796583734265985,-0.04282816145296589
2023-05-31,0.0,1.4595716393754052,0.572775635231484,-0.04547464487457367
2023-06-01,0.0,1.4595716393754052,0.5840005602123269,-0.04425338280260267
2023-06-02,0.0,1.4595716393754052,0.6248744295571674,-0.04445879063367128
2023-06-05,0.0,1.4595716393754052,0.6578064820754086,-0.043737579365961024
2023-06-06,-0.0,1.4595716393754052,0.6684923016788804,-0.04328067415731855
2023-06-07,0.0,1.4595716393754052,0.7828016871958831,-0.0483238868587018
2023-06-08,0.0,1.4595716393754052,0.8780377368530905,-0.05131166034210913
2023-06-09,-0.0,1.4595716393754052,0.8291311327480334,-0.04696620344378799
2023-06-12,0.0,1.4595716393754052,0.8312478255753061,-0.04336216278288621
2023-06-13,0.0,1.4595716393754052,0.7362924066394373,-0.035334777315384064
2023-06-14,-0.0,1.4595716393754052,0.604261283791743,-0.027362685162155148
2023-06-15,0.0,1.4595716393754052,0.5419996302614623,-0.021449968673811243
2023-06-16,0.0,1.4595716393754052,0.46255468289373913,-0.01521003391875475
2023-06-20,-0.0,1.4595716393754052,0.3836442256886877,-0.010855247124074624
2023-06-21,-0.0,1.4595716393754052,0.35777611868149956,-0.008860051098348781
2023-06-22,-0.0,1.4595716393754052,0.3633863395425994,-0.008096978214009717
2023-06-23,-0.0,1.4595716393754052,0.3604760639368753,-0.007609722770346203
2023-06-26,-0.0,1.4595716393754052,0.3372963762068107,-0.008060665835272818
2023-06-27,-0.0,1.4595716393754052,0.39514173255515,-0.010993187112687333
2023-06-28,-0.0,1.4595716393754052,0.48753752141736395,-0.015437181038010589
2023-06-29,-0.0,1.4595716393754052,0.5641584335884675,-0.01967768088017817
2023-06-30,0.0,1.4595716393754052,0.6407744514755128,-0.022896511188451096
2023-07-03,-0.0,1.4595716393754052,0.6651950488219311,-0.024888714457162703
2023-07-05,-0.0,1.4595716393754052,0.6583402210827207,-0.0258644197232807
2023-07-06,-0.0,1.4595716393754052,0.6002733856738723,-0.025683021129186037
2023-07-07,-0.0,1.4595716393754052,0.5927226530039921,-0.02717020709611903
2023-07-10,0.0,1.4595716393754052,0.5898961493208046,-0.02779787945106231
2023-07-11,0.0,1.4595716393754052,0.5745033018063559,-0.027481335495726553
2023-07-12,-0.0,1.4595716393754052,0.558461328859887,-0.027488799203440474
2023-07-13,0.0,1.4595716393754052,0.5304641740495487,-0.02719121452511125
2023-07-14,0.0,1.4595716393754052,0.5137960327780269,-0.02674694809054165
2023-07-17,-0.0,1.4595716393754052,0.47107585828315457,-0.026474472763630234
2023-07-18,0.0,1.4595716393754052,0.47435592893721823,-0.027040953519543956
2023-07-19,0.0,1.4595716393754052,0.4634925540938583,-0.027291630540199424
2023-07-20,0.0,1.4595716393754052,0.44493561326235953,-0.026894315836545744
2023-07-21,0.0,1.4595716393754052,0.4273681206039633,-0.026141823331050855
2023-07-24,0.0,1.4595716393754052,0.35874667873983773,-0.024294701217709484
2023-07-25,-0.0,1.4595716393754052,0.25335094915875433,-0.02259821430835745
2023-07-26,0.0,1.4595716393754052,0.19478056004287173,-0.021622084510837962
2023-07-27,-0.0,1.4595716393754052,0.07197239998597862,-0.020426525945235002
2023-07-28,-0.0,1.4595716393754052,0.006400448693228123,-0.02008673986113408
2023-07-31,-0.0,1.4595716393754052,-0.05541383861832261,-0.019969485389048074
2023-08-01,-0.0,1.4595716393754052,-0.13424633975426342,-0.020521899424772047
2023-08-02,-0.0,1.4595716393754052,-0.17516838574521537,-0.021735872061055275
2023-08-03,-0.0,1.4595716393754052,-0.22344755072515718,-0.022642588782889106
2023-08-04,0.0,1.4595716393754052,-0.256950729200742,-0.02370983795866755
2023-08-07,0.0,1.4595716393754052,-0.18124347548096528,-0.024702221038083273
2023-08-08,-0.0,1.4595716393754052,-0.224446483794319,-0.025305851162181273
2023-08-09,0.0,1.4595716393754052,-0.1788704794413901,-0.026128679849983086
2023-08-10,-0.0,1.4595716393754052,-0.16237870358481854,-0.02683288531255899
2023-08-11,0.0,1.4595716393754052,-0.03113495773674664,-0.027878200861847044
2023-08-14,0.0,1.4595716393754052,0.08211018906957576,-0.029174857387036107
2023-08-15,-0.0,1.4595716393754052,0.1387838744048003,-0.03101570506740529
2023-08-16,0.0,1.4595716393754052,0.41182077964080505,-0.03365839952274795
2023-08-17,0.0,1.4595716393754052,0.7680754673676675,-0.03628893463455077
2023-08-18,0.0,1.4595716393754052,0.8291154421835302,-0.03656168234790551
2023-08-21,0.0,1.4595716393754052,0.81942219714701,-0.035784809221984876
2023-08-22,-0.0,1.4595716393754052,0.9015790652283895,-0.03723759450377529
2023-08-23,-0.0,1.4595716393754052,1.2146135342138513,-0.04080277489152109
2023-08-24,0.014277164621828792,1.4804101839481203,1.2187322244779548,-0.04237481917967267
2023-08-25,-0.006277583002389369,1.4711167861408034,1.4918469076906584,-0.04472864841362978
2023-08-28,0.00448780946461052,1.4777188779771937,1.5355873381301726,-0.04535324459422859
2023-08-29,0.0010925666065590158,1.4793333842771537,1.6305633290387738,-0.045982307401636086
2023-08-30,0.006959153229157046,1.4896282919753459,1.6123860385734283,-0.04629406821317159
2023-08-31,0.013892850057291444,1.5103234744768586,1.5261303397229118,-0.045708713653315844
2023-09-01,-0.010884534191416278,1.4938843069788166,1.6008187531013385,-0.04599923997180626
2023-09-05,0.011139437978633381,1.5105253385636608,1.5318651323185861,-0.04529283559825373
2023-09-06,0.028390265491693784,1.553409553957414,1.259795171883718,-0.04365534848312231
2023-09-07,0.002468688514422647,1.5572444382814632,1.1704047168309595,-0.04240990300825445
2023-09-08,0.0006914274629912615,1.5583211598526814,0.8725588476563464,-0.0392398580633204
2023-09-11,-0.0,1.5583211598526814,0.4447697950354398,-0.03514950518925576
2023-09-12,0.0,1.5583211598526814,0.3533338641837129,-0.03401372611268079
2023-09-13,-0.0,1.5583211598526814,0.11506675674635931,-0.03192827702775245
2023-09-14,0.0,1.5583211598526814,-0.2920839874169937,-0.027898206851778476
2023-09-15,-0.0,1.5583211598526814,-0.7540963202616378,-0.024376088479234802
2023-09-18,-0.0,1.5583211598526814,-1.2649191537192925,-0.02039162708535973
2023-09-19,0.010456894812614177,1.5746163603055319,-1.4774099916733239,-0.018127448905633177
2023-09-20,-0.010900357306801958,1.5574524793570657,-1.8259662508661887,-0.015964315479149324
2023-09-21,-0.02318052673721786,1.521349910517383,-1.801903257272281,-0.017873065080565166
2023-09-22,-0.0047463367893482485,1.5141290714676228,-1.6144141225672335,-0.019644083250554056
2023-09-25,0.008872435985911252,1.5275630847286263,-1.2058055432727752,-0.02271757282105162
2023-09-26,-0.017849157166039555,1.500297371148265,-0.9687771065184443,-0.02593720012337128
2023-09-27,-0.0,1.500297371148265,-0.9407356643305598,-0.026061914107947212
2023-09-28,-0.0,1.500297371148265,-0.435300329731461,-0.03022701460586874
2023-09-29,0.0,1.500297371148265,0.35585974848368124,-0.03571249192754916
2023-10-02,0.0,1.500297371148265,0.9776158081237893,-0.03971490541308906
2023-10-03,-0.0,1.500297371148265,1.5893656394583022,-0.04620552626314419
2023-10-04,0.01677149783586575,1.5254596052616332,2.1604283573983682,-0.0528841814916962
2023-10-05,-0.0045664560970208965,1.518493660946427,2.643986500313533,-0.05942904271672143
2023-10-06,0.01148659364492707,1.5359359805821162,2.606303030655503,-0.06308876339694823
2023-10-09,-0.00228293985915374,1.5324295311109368,2.658521717661109,-0.065827165742602
2023-10-10,0.0005322426078800537,1.5332451554009676,2.547318088187806,-0.06656605073711463
2023-10-11,0.001393337340565369,1.5353814831282289,2.5032501376844283,-0.06806708986585912
2023-10-12,0.005952854067834536,1.5445213850357467,2.4125876903181966,-0.06968789210971348
2023-10-13,0.024218660588958378,1.581927624232315,2.298844332716986,-0.0712071760118585
2023-10-16,-0.036838021067982625,1.5236525410828212,2.5392258071982994,-0.07475899419071211
2023-10-17,0.01535232147678128,1.5470441447124392,2.384609689614037,-0.07557240228138234
2023-10-18,0.04087436557079355,1.6102785926375711,2.36412693625122,-0.07991875973356442
2023-10-19,0.00837471763018632,1.6237642211568446,2.52841715807944,-0.08741556879834532
2023-10-20,0.01943768439134422,1.655326437613648,2.5708215472037024,-0.09461281227996107
2023-10-23,-0.006090595526834589,1.6452445138172673,2.3717224394503003,-0.09372868236079046
2023-10-24,0.013370490456335048,1.6672422398875986,2.179691881563365,-0.09331601265587326
2023-10-25,-0.009551772155335174,1.6513171218844416,1.9959701835977195,-0.09155765410396578
2023-10-26,-0.013612471393153115,1.6288386148017657,1.7387962675379451,-0.08752868089008313
2023-10-27,0.03438388538773783,1.6848444150482313,1.3256507226514576,-0.08230184484947015
2023-10-30,-0.016206946042528335,1.6575382325234893,0.9697027318293229,-0.07304197316779258
2023-10-31,0.0,1.6575382325234893,0.8791558238354011,-0.07207337584295156
2023-11-01,-0.0,1.6575382325234893,0.809951827856114,-0.07073353330516113
2023-11-02,-0.0,1.6575382325234893,0.7948631607997448,-0.07098381343549613
2023-11-03,0.0,1.6575382325234893,0.9260344814639193,-0.07245087393717227
2023-11-06,-0.0,1.6575382325234893,1.098764724937137,-0.07571334084775222
2023-11-07,-0.0024500281438876873,1.653477217204237,1.3049671858530567,-0.0805700460692445
2023-11-08,0.014332370328813444,1.6771754650114639,1.3612015091829093,-0.08404429639327857
2023-11-09,0.024633287045025022,1.7184898096659644,1.349862442722568,-0.08670399827098751
2023-11-10,0.004532306118767103,1.7262785315453526,1.517949178279963,-0.08972842989207519
2023-11-13,0.016787429340155816,1.755258310415098,1.4450559386256003,-0.09003665848473821
2023-11-14,-0.011630179330134579,1.7348443414942616,1.5194248851029153,-0.09054357422908385
2023-11-15,-0.03265756041194005,1.6781885576066005,1.3782162998658072,-0.0863098067153856
2023-11-16,0.016264011211043018,1.7054826351217585,0.7825543076623936,-0.07712796713622298
2023-11-17,0.0,1.7054826351217585,0.6488737445496803,-0.07457287055809929
2023-11-20,0.0,1.7054826351217585,0.5707008756169853,-0.07267007930422059
2023-11-21,0.0,1.7054826351217585,0.432059728517199,-0.0689954546923402
2023-11-22,0.0,1.7054826351217585,0.21812500306537067,-0.0639662808621727
2023-11-24,0.0,1.7054826351217585,-0.02457118603762654,-0.058316620087501644
2023-11-27,-0.0,1.7054826351217585,-0.31958353438648435,-0.052246080266262415
2023-11-28,-0.0,1.7054826351217585,-0.5219823928092605,-0.048635230136241825
2023-11-29,0.0,1.7054826351217585,-0.6758061132568655,-0.045070042860644866
2023-11-30,0.0,1.7054826351217585,-0.7866597615584344,-0.041580548060562425
2023-12-01,-0.0,1.7054826351217585,-1.013371647117513,-0.0386595720827097
2023-12-04,0.012985097186007283,1.7276284928878622,-0.9400719583912457,-0.03936340620972864
2023-12-05,-0.0,1.7276284928878622,-0.9536185075492808,-0.03895257767254492
2023-12-06,-0.0,1.7276284928878622,-0.9499808237396324,-0.03937833560307548
2023-12-07,-0.0,1.7276284928878622,-0.9298038761098192,-0.03992329781888648
2023-12-08,0.0,1.7276284928878622,-0.9075567263884045,-0.04040969485845117
2023-12-11,-0.0,1.7276284928878622,-0.8817447822556773,-0.040693993048626226
2023-12-12,-0.0,1.7276284928878622,-0.9596239224222047,-0.03939195141422193
2023-12-13,-0.0,1.7276284928878622,-1.1434642419006191,-0.038413057532829684
2023-12-14,-0.02059059488189649,1.692055594484387,-1.1416916954178038,-0.0406585641480569
2023-12-15,0.02106989387445529,1.7277070262898515,-0.8935351402244814,-0.043524388489676664
2023-12-18,0.0,1.7277070262898515,-0.828885731126014,-0.04334142316801064
2023-12-19,0.0,1.7277070262898515,-0.9692534737878984,-0.040307944634654154
2023-12-20,-0.0,1.7277070262898515,-1.3147501710013008,-0.03672599730734209
2023-12-21,0.024837767767872696,1.7706194121797607,-1.311757313297691,-0.03606774100145647
2023-12-22,0.0035141139905635766,1.7768415706280651,-1.388792839289045,-0.03459265000621618
2023-12-26,0.0005002685445136638,1.7777304685744346,-1.471737183295295,-0.03295665596589393
2023-12-27,0.0073790600102419035,1.7908484483840807,-1.5185442835451617,-0.031158022109511224
2023-12-28,0.006130294738798212,1.8018268772051946,-1.59919952432458,-0.029036044860018352
2023-12-29,-0.0001233365811881494,1.8016046460382673,-1.662806252833679,-0.027081592177290288
